<beans xmlns="http://www.springframework.org/schema/beans"
	   xmlns:xsi="http://www.w3.org/2001/XMLSchema-instance"
	   xmlns:context="http://www.springframework.org/schema/context"
	   xsi:schemaLocation="http://www.springframework.org/schema/beans
		http://www.springframework.org/schema/beans/spring-beans-4.0.xsd
		http://www.springframework.org/schema/context 
		http://www.springframework.org/schema/context/spring-context-4.0.xsd">

	<!-- 配置属性文件 -->
	<context:property-placeholder location="classpath:jdbc.properties"/>
	
	<!-- 配置数据源 -->
	<bean id="dataSource" class="com.alibaba.druid.pool.DruidDataSource" >
		<property name="driverClassName" value="${jdbc.driver}"/>
		<property name="url" value="${jdbc.url}"/>
		<property name="username" value="${jdbc.username}"/>
		<property name="password" value="${jdbc.password}"/>
	</bean>
	
	<!-- 配置mybatis的工厂 -->
	<bean class="org.mybatis.spring.SqlSessionFactoryBean">
		<!-- 配置数据源 -->
		<property name="dataSource" ref="dataSource"/>
		<!-- 配置mybatis的核心配置文件 -->
		<property name="configLocation" value="classpath:SqlMapConfig.xml"/>
		<!-- 配置pojo -->
		<property name="typeAliasesPackage" value="com.demo.car.pojo"/>
	</bean>
	
	<!-- 配置mapper所在的包 -->
	<bean class="org.mybatis.spring.mapper.MapperScannerConfigurer">
		<property name="basePackage" value="com.demo.car.mapper"></property>
	</bean>

</beans>
