<?xml version="1.0" encoding="UTF-8" ?>
<!DOCTYPE mapper PUBLIC "-//mybatis.org//DTD Mapper 3.0//EN" "http://mybatis.org/dtd/mybatis-3-mapper.dtd" >
<mapper namespace="com.demo.car.mapper.AdminMapper" >
  <resultMap id="BaseResultMap" type="com.demo.car.pojo.Admin" >
    <id column="a_id" property="aId" jdbcType="INTEGER" />
    <result column="a_name" property="aName" jdbcType="VARCHAR" />
    <result column="a_pass" property="aPass" jdbcType="VARCHAR" />
  </resultMap>
  <sql id="Example_Where_Clause" >
    <where >
      <foreach collection="oredCriteria" item="criteria" separator="or" >
        <if test="criteria.valid" >
          <trim prefix="(" suffix=")" prefixOverrides="and" >
            <foreach collection="criteria.criteria" item="criterion" >
              <choose >
                <when test="criterion.noValue" >
                  and ${criterion.condition}
                </when>
                <when test="criterion.singleValue" >
                  and ${criterion.condition} #{criterion.value}
                </when>
                <when test="criterion.betweenValue" >
                  and ${criterion.condition} #{criterion.value} and #{criterion.secondValue}
                </when>
                <when test="criterion.listValue" >
                  and ${criterion.condition}
                  <foreach collection="criterion.value" item="listItem" open="(" close=")" separator="," >
                    #{listItem}
                  </foreach>
                </when>
              </choose>
            </foreach>
          </trim>
        </if>
      </foreach>
    </where>
  </sql>
  <sql id="Update_By_Example_Where_Clause" >
    <where >
      <foreach collection="example.oredCriteria" item="criteria" separator="or" >
        <if test="criteria.valid" >
          <trim prefix="(" suffix=")" prefixOverrides="and" >
            <foreach collection="criteria.criteria" item="criterion" >
              <choose >
                <when test="criterion.noValue" >
                  and ${criterion.condition}
                </when>
                <when test="criterion.singleValue" >
                  and ${criterion.condition} #{criterion.value}
                </when>
                <when test="criterion.betweenValue" >
                  and ${criterion.condition} #{criterion.value} and #{criterion.secondValue}
                </when>
                <when test="criterion.listValue" >
                  and ${criterion.condition}
                  <foreach collection="criterion.value" item="listItem" open="(" close=")" separator="," >
                    #{listItem}
                  </foreach>
                </when>
              </choose>
            </foreach>
          </trim>
        </if>
      </foreach>
    </where>
  </sql>
  <sql id="Base_Column_List" >
    a_id, a_name, a_pass
  </sql>
  <select id="selectByExample" resultMap="BaseResultMap" parameterType="com.demo.car.pojo.AdminExample" >
    select
    <if test="distinct" >
      distinct
    </if>
    <include refid="Base_Column_List" />
    from admin
    <if test="_parameter != null" >
      <include refid="Example_Where_Clause" />
    </if>
    <if test="orderByClause != null" >
      order by ${orderByClause}
    </if>
  </select>
  <select id="selectByPrimaryKey" resultMap="BaseResultMap" parameterType="java.lang.Integer" >
    select 
    <include refid="Base_Column_List" />
    from admin
    where a_id = #{aId,jdbcType=INTEGER}
  </select>
  <delete id="deleteByPrimaryKey" parameterType="java.lang.Integer" >
    delete from admin
    where a_id = #{aId,jdbcType=INTEGER}
  </delete>
  <delete id="deleteByExample" parameterType="com.demo.car.pojo.AdminExample" >
    delete from admin
    <if test="_parameter != null" >
      <include refid="Example_Where_Clause" />
    </if>
  </delete>
  <insert id="insert" parameterType="com.demo.car.pojo.Admin" >
    insert into admin (a_id, a_name, a_pass
      )
    values (#{aId,jdbcType=INTEGER}, #{aName,jdbcType=VARCHAR}, #{aPass,jdbcType=VARCHAR}
      )
  </insert>
  <insert id="insertSelective" parameterType="com.demo.car.pojo.Admin" >
    insert into admin
    <trim prefix="(" suffix=")" suffixOverrides="," >
      <if test="aId != null" >
        a_id,
      </if>
      <if test="aName != null" >
        a_name,
      </if>
      <if test="aPass != null" >
        a_pass,
      </if>
    </trim>
    <trim prefix="values (" suffix=")" suffixOverrides="," >
      <if test="aId != null" >
        #{aId,jdbcType=INTEGER},
      </if>
      <if test="aName != null" >
        #{aName,jdbcType=VARCHAR},
      </if>
      <if test="aPass != null" >
        #{aPass,jdbcType=VARCHAR},
      </if>
    </trim>
  </insert>
  <select id="countByExample" parameterType="com.demo.car.pojo.AdminExample" resultType="java.lang.Integer" >
    select count(*) from admin
    <if test="_parameter != null" >
      <include refid="Example_Where_Clause" />
    </if>
  </select>
  <update id="updateByExampleSelective" parameterType="map" >
    update admin
    <set >
      <if test="record.aId != null" >
        a_id = #{record.aId,jdbcType=INTEGER},
      </if>
      <if test="record.aName != null" >
        a_name = #{record.aName,jdbcType=VARCHAR},
      </if>
      <if test="record.aPass != null" >
        a_pass = #{record.aPass,jdbcType=VARCHAR},
      </if>
    </set>
    <if test="_parameter != null" >
      <include refid="Update_By_Example_Where_Clause" />
    </if>
  </update>
  <update id="updateByExample" parameterType="map" >
    update admin
    set a_id = #{record.aId,jdbcType=INTEGER},
      a_name = #{record.aName,jdbcType=VARCHAR},
      a_pass = #{record.aPass,jdbcType=VARCHAR}
    <if test="_parameter != null" >
      <include refid="Update_By_Example_Where_Clause" />
    </if>
  </update>
  <update id="updateByPrimaryKeySelective" parameterType="com.demo.car.pojo.Admin" >
    update admin
    <set >
      <if test="aName != null" >
        a_name = #{aName,jdbcType=VARCHAR},
      </if>
      <if test="aPass != null" >
        a_pass = #{aPass,jdbcType=VARCHAR},
      </if>
    </set>
    where a_id = #{aId,jdbcType=INTEGER}
  </update>
  <update id="updateByPrimaryKey" parameterType="com.demo.car.pojo.Admin" >
    update admin
    set a_name = #{aName,jdbcType=VARCHAR},
      a_pass = #{aPass,jdbcType=VARCHAR}
    where a_id = #{aId,jdbcType=INTEGER}
  </update>
</mapper>