<?xml version="1.0" encoding="UTF-8" ?>
<!DOCTYPE mapper PUBLIC "-//mybatis.org//DTD Mapper 3.0//EN" "http://mybatis.org/dtd/mybatis-3-mapper.dtd" >
<mapper namespace="com.demo.car.mapper.CarMapper" >
  <resultMap id="BaseResultMap" type="com.demo.car.pojo.Car" >
    <id column="c_id" property="cId" jdbcType="INTEGER" />
    <result column="c_name" property="cName" jdbcType="VARCHAR" />
    <result column="c_price" property="cPrice" jdbcType="DOUBLE" />
    <result column="c_number" property="cNumber" jdbcType="INTEGER" />
    <result column="c_color" property="cColor" jdbcType="VARCHAR" />
    <result column="c_img" property="cImg" jdbcType="VARCHAR" />
    <result column="c_plate" property="cPlate" jdbcType="VARCHAR" />
    <result column="c_deposit" property="cDeposit" jdbcType="VARCHAR" />
  </resultMap>
  <sql id="Example_Where_Clause" >
    <where >
      <foreach collection="oredCriteria" item="criteria" separator="or" >
        <if test="criteria.valid" >
          <trim prefix="(" suffix=")" prefixOverrides="and" >
            <foreach collection="criteria.criteria" item="criterion" >
              <choose >
                <when test="criterion.noValue" >
                  and ${criterion.condition}
                </when>
                <when test="criterion.singleValue" >
                  and ${criterion.condition} #{criterion.value}
                </when>
                <when test="criterion.betweenValue" >
                  and ${criterion.condition} #{criterion.value} and #{criterion.secondValue}
                </when>
                <when test="criterion.listValue" >
                  and ${criterion.condition}
                  <foreach collection="criterion.value" item="listItem" open="(" close=")" separator="," >
                    #{listItem}
                  </foreach>
                </when>
              </choose>
            </foreach>
          </trim>
        </if>
      </foreach>
    </where>
  </sql>
  <sql id="Update_By_Example_Where_Clause" >
    <where >
      <foreach collection="example.oredCriteria" item="criteria" separator="or" >
        <if test="criteria.valid" >
          <trim prefix="(" suffix=")" prefixOverrides="and" >
            <foreach collection="criteria.criteria" item="criterion" >
              <choose >
                <when test="criterion.noValue" >
                  and ${criterion.condition}
                </when>
                <when test="criterion.singleValue" >
                  and ${criterion.condition} #{criterion.value}
                </when>
                <when test="criterion.betweenValue" >
                  and ${criterion.condition} #{criterion.value} and #{criterion.secondValue}
                </when>
                <when test="criterion.listValue" >
                  and ${criterion.condition}
                  <foreach collection="criterion.value" item="listItem" open="(" close=")" separator="," >
                    #{listItem}
                  </foreach>
                </when>
              </choose>
            </foreach>
          </trim>
        </if>
      </foreach>
    </where>
  </sql>
  <sql id="Base_Column_List" >
    c_id, c_name, c_price, c_number, c_color, c_img, c_plate, c_deposit
  </sql>
  <select id="selectByExample" resultMap="BaseResultMap" parameterType="com.demo.car.pojo.CarExample" >
    select
    <if test="distinct" >
      distinct
    </if>
    <include refid="Base_Column_List" />
    from car
    <if test="_parameter != null" >
      <include refid="Example_Where_Clause" />
    </if>
    <if test="orderByClause != null" >
      order by ${orderByClause}
    </if>
  </select>
  <select id="selectByPrimaryKey" resultMap="BaseResultMap" parameterType="java.lang.Integer" >
    select 
    <include refid="Base_Column_List" />
    from car
    where c_id = #{cId,jdbcType=INTEGER}
  </select>
  <delete id="deleteByPrimaryKey" parameterType="java.lang.Integer" >
    delete from car
    where c_id = #{cId,jdbcType=INTEGER}
  </delete>
  <delete id="deleteByExample" parameterType="com.demo.car.pojo.CarExample" >
    delete from car
    <if test="_parameter != null" >
      <include refid="Example_Where_Clause" />
    </if>
  </delete>
  <insert id="insert" parameterType="com.demo.car.pojo.Car" >
    insert into car (c_id, c_name, c_price, 
      c_number, c_color, c_img, 
      c_plate, c_deposit)
    values (#{cId,jdbcType=INTEGER}, #{cName,jdbcType=VARCHAR}, #{cPrice,jdbcType=DOUBLE}, 
      #{cNumber,jdbcType=INTEGER}, #{cColor,jdbcType=VARCHAR}, #{cImg,jdbcType=VARCHAR}, 
      #{cPlate,jdbcType=VARCHAR}, #{cDeposit,jdbcType=VARCHAR})
  </insert>
  <insert id="insertSelective" parameterType="com.demo.car.pojo.Car" >
    insert into car
    <trim prefix="(" suffix=")" suffixOverrides="," >
      <if test="cId != null" >
        c_id,
      </if>
      <if test="cName != null" >
        c_name,
      </if>
      <if test="cPrice != null" >
        c_price,
      </if>
      <if test="cNumber != null" >
        c_number,
      </if>
      <if test="cColor != null" >
        c_color,
      </if>
      <if test="cImg != null" >
        c_img,
      </if>
      <if test="cPlate != null" >
        c_plate,
      </if>
      <if test="cDeposit != null" >
        c_deposit,
      </if>
    </trim>
    <trim prefix="values (" suffix=")" suffixOverrides="," >
      <if test="cId != null" >
        #{cId,jdbcType=INTEGER},
      </if>
      <if test="cName != null" >
        #{cName,jdbcType=VARCHAR},
      </if>
      <if test="cPrice != null" >
        #{cPrice,jdbcType=DOUBLE},
      </if>
      <if test="cNumber != null" >
        #{cNumber,jdbcType=INTEGER},
      </if>
      <if test="cColor != null" >
        #{cColor,jdbcType=VARCHAR},
      </if>
      <if test="cImg != null" >
        #{cImg,jdbcType=VARCHAR},
      </if>
      <if test="cPlate != null" >
        #{cPlate,jdbcType=VARCHAR},
      </if>
      <if test="cDeposit != null" >
        #{cDeposit,jdbcType=VARCHAR},
      </if>
    </trim>
  </insert>
  <select id="countByExample" parameterType="com.demo.car.pojo.CarExample" resultType="java.lang.Integer" >
    select count(*) from car
    <if test="_parameter != null" >
      <include refid="Example_Where_Clause" />
    </if>
  </select>
  <update id="updateByExampleSelective" parameterType="map" >
    update car
    <set >
      <if test="record.cId != null" >
        c_id = #{record.cId,jdbcType=INTEGER},
      </if>
      <if test="record.cName != null" >
        c_name = #{record.cName,jdbcType=VARCHAR},
      </if>
      <if test="record.cPrice != null" >
        c_price = #{record.cPrice,jdbcType=DOUBLE},
      </if>
      <if test="record.cNumber != null" >
        c_number = #{record.cNumber,jdbcType=INTEGER},
      </if>
      <if test="record.cColor != null" >
        c_color = #{record.cColor,jdbcType=VARCHAR},
      </if>
      <if test="record.cImg != null" >
        c_img = #{record.cImg,jdbcType=VARCHAR},
      </if>
      <if test="record.cPlate != null" >
        c_plate = #{record.cPlate,jdbcType=VARCHAR},
      </if>
      <if test="record.cDeposit != null" >
        c_deposit = #{record.cDeposit,jdbcType=VARCHAR},
      </if>
    </set>
    <if test="_parameter != null" >
      <include refid="Update_By_Example_Where_Clause" />
    </if>
  </update>
  <update id="updateByExample" parameterType="map" >
    update car
    set c_id = #{record.cId,jdbcType=INTEGER},
      c_name = #{record.cName,jdbcType=VARCHAR},
      c_price = #{record.cPrice,jdbcType=DOUBLE},
      c_number = #{record.cNumber,jdbcType=INTEGER},
      c_color = #{record.cColor,jdbcType=VARCHAR},
      c_img = #{record.cImg,jdbcType=VARCHAR},
      c_plate = #{record.cPlate,jdbcType=VARCHAR},
      c_deposit = #{record.cDeposit,jdbcType=VARCHAR}
    <if test="_parameter != null" >
      <include refid="Update_By_Example_Where_Clause" />
    </if>
  </update>
  <update id="updateByPrimaryKeySelective" parameterType="com.demo.car.pojo.Car" >
    update car
    <set >
      <if test="cName != null" >
        c_name = #{cName,jdbcType=VARCHAR},
      </if>
      <if test="cPrice != null" >
        c_price = #{cPrice,jdbcType=DOUBLE},
      </if>
      <if test="cNumber != null" >
        c_number = #{cNumber,jdbcType=INTEGER},
      </if>
      <if test="cColor != null" >
        c_color = #{cColor,jdbcType=VARCHAR},
      </if>
      <if test="cImg != null" >
        c_img = #{cImg,jdbcType=VARCHAR},
      </if>
      <if test="cPlate != null" >
        c_plate = #{cPlate,jdbcType=VARCHAR},
      </if>
      <if test="cDeposit != null" >
        c_deposit = #{cDeposit,jdbcType=VARCHAR},
      </if>
    </set>
    where c_id = #{cId,jdbcType=INTEGER}
  </update>
  <update id="updateByPrimaryKey" parameterType="com.demo.car.pojo.Car" >
    update car
    set c_name = #{cName,jdbcType=VARCHAR},
      c_price = #{cPrice,jdbcType=DOUBLE},
      c_number = #{cNumber,jdbcType=INTEGER},
      c_color = #{cColor,jdbcType=VARCHAR},
      c_img = #{cImg,jdbcType=VARCHAR},
      c_plate = #{cPlate,jdbcType=VARCHAR},
      c_deposit = #{cDeposit,jdbcType=VARCHAR}
    where c_id = #{cId,jdbcType=INTEGER}
  </update>
</mapper>