<?xml version="1.0" encoding="UTF-8" ?>
<!DOCTYPE mapper PUBLIC "-//mybatis.org//DTD Mapper 3.0//EN" "http://mybatis.org/dtd/mybatis-3-mapper.dtd" >
<mapper namespace="com.demo.car.mapper.OrdersMapper" >
  <resultMap id="BaseResultMap" type="com.demo.car.pojo.Orders" >
    <id column="o_id" property="oId" jdbcType="INTEGER" />
    <result column="car_id" property="carId" jdbcType="INTEGER" />
    <result column="user_id" property="userId" jdbcType="INTEGER" />
    <result column="start_time" property="startTime" jdbcType="TIMESTAMP" />
    <result column="end_time" property="endTime" jdbcType="TIMESTAMP" />
    <result column="real_time" property="realTime" jdbcType="TIMESTAMP" />
    <result column="count_price" property="countPrice" jdbcType="DECIMAL" />
  </resultMap>

  <sql id="Example_Where_Clause" >
    <where >
      <foreach collection="oredCriteria" item="criteria" separator="or" >
        <if test="criteria.valid" >
          <trim prefix="(" suffix=")" prefixOverrides="and" >
            <foreach collection="criteria.criteria" item="criterion" >
              <choose >
                <when test="criterion.noValue" >
                  and ${criterion.condition}
                </when>
                <when test="criterion.singleValue" >
                  and ${criterion.condition} #{criterion.value}
                </when>
                <when test="criterion.betweenValue" >
                  and ${criterion.condition} #{criterion.value} and #{criterion.secondValue}
                </when>
                <when test="criterion.listValue" >
                  and ${criterion.condition}
                  <foreach collection="criterion.value" item="listItem" open="(" close=")" separator="," >
                    #{listItem}
                  </foreach>
                </when>
              </choose>
            </foreach>
          </trim>
        </if>
      </foreach>
    </where>
  </sql>
  <sql id="Update_By_Example_Where_Clause" >
    <where >
      <foreach collection="example.oredCriteria" item="criteria" separator="or" >
        <if test="criteria.valid" >
          <trim prefix="(" suffix=")" prefixOverrides="and" >
            <foreach collection="criteria.criteria" item="criterion" >
              <choose >
                <when test="criterion.noValue" >
                  and ${criterion.condition}
                </when>
                <when test="criterion.singleValue" >
                  and ${criterion.condition} #{criterion.value}
                </when>
                <when test="criterion.betweenValue" >
                  and ${criterion.condition} #{criterion.value} and #{criterion.secondValue}
                </when>
                <when test="criterion.listValue" >
                  and ${criterion.condition}
                  <foreach collection="criterion.value" item="listItem" open="(" close=")" separator="," >
                    #{listItem}
                  </foreach>
                </when>
              </choose>
            </foreach>
          </trim>
        </if>
      </foreach>
    </where>
  </sql>
  <sql id="Base_Column_List" >
    o_id, car_id, user_id, start_time, end_time, real_time, count_price
  </sql>
  <select id="selectByExample" resultMap="BaseResultMap" parameterType="com.demo.car.pojo.OrdersExample" >
    select
    <if test="distinct" >
      distinct
    </if>
    <include refid="Base_Column_List" />
    from orders
    <if test="_parameter != null" >
      <include refid="Example_Where_Clause" />
    </if>
    <if test="orderByClause != null" >
      order by ${orderByClause}
    </if>
  </select>
  <select id="selectByPrimaryKey" resultMap="BaseResultMap" parameterType="java.lang.Integer" >
    select 
    <include refid="Base_Column_List" />
    from orders
    where o_id = #{oId,jdbcType=INTEGER}
  </select>
  <delete id="deleteByPrimaryKey" parameterType="java.lang.Integer" >
    delete from orders
    where o_id = #{oId,jdbcType=INTEGER}
  </delete>
  <delete id="deleteByExample" parameterType="com.demo.car.pojo.OrdersExample" >
    delete from orders
    <if test="_parameter != null" >
      <include refid="Example_Where_Clause" />
    </if>
  </delete>
  <insert id="insert" parameterType="com.demo.car.pojo.Orders" >
    insert into orders (o_id, car_id, user_id, 
      start_time, end_time, real_time, 
      count_price)
    values (#{oId,jdbcType=INTEGER}, #{carId,jdbcType=INTEGER}, #{userId,jdbcType=INTEGER}, 
      #{startTime,jdbcType=TIMESTAMP}, #{endTime,jdbcType=TIMESTAMP}, #{realTime,jdbcType=TIMESTAMP}, 
      #{countPrice,jdbcType=DECIMAL})
  </insert>
  <insert id="insertSelective" parameterType="com.demo.car.pojo.Orders" >
    insert into orders
    <trim prefix="(" suffix=")" suffixOverrides="," >
      <if test="oId != null" >
        o_id,
      </if>
      <if test="carId != null" >
        car_id,
      </if>
      <if test="userId != null" >
        user_id,
      </if>
      <if test="startTime != null" >
        start_time,
      </if>
      <if test="endTime != null" >
        end_time,
      </if>
      <if test="realTime != null" >
        real_time,
      </if>
      <if test="countPrice != null" >
        count_price,
      </if>
    </trim>
    <trim prefix="values (" suffix=")" suffixOverrides="," >
      <if test="oId != null" >
        #{oId,jdbcType=INTEGER},
      </if>
      <if test="carId != null" >
        #{carId,jdbcType=INTEGER},
      </if>
      <if test="userId != null" >
        #{userId,jdbcType=INTEGER},
      </if>
      <if test="startTime != null" >
        #{startTime,jdbcType=TIMESTAMP},
      </if>
      <if test="endTime != null" >
        #{endTime,jdbcType=TIMESTAMP},
      </if>
      <if test="realTime != null" >
        #{realTime,jdbcType=TIMESTAMP},
      </if>
      <if test="countPrice != null" >
        #{countPrice,jdbcType=DECIMAL},
      </if>
    </trim>
  </insert>
  <select id="countByExample" parameterType="com.demo.car.pojo.OrdersExample" resultType="java.lang.Integer" >
    select count(*) from orders
    <if test="_parameter != null" >
      <include refid="Example_Where_Clause" />
    </if>
  </select>
  <update id="updateByExampleSelective" parameterType="map" >
    update orders
    <set >
      <if test="record.oId != null" >
        o_id = #{record.oId,jdbcType=INTEGER},
      </if>
      <if test="record.carId != null" >
        car_id = #{record.carId,jdbcType=INTEGER},
      </if>
      <if test="record.userId != null" >
        user_id = #{record.userId,jdbcType=INTEGER},
      </if>
      <if test="record.startTime != null" >
        start_time = #{record.startTime,jdbcType=TIMESTAMP},
      </if>
      <if test="record.endTime != null" >
        end_time = #{record.endTime,jdbcType=TIMESTAMP},
      </if>
      <if test="record.realTime != null" >
        real_time = #{record.realTime,jdbcType=TIMESTAMP},
      </if>
      <if test="record.countPrice != null" >
        count_price = #{record.countPrice,jdbcType=DECIMAL},
      </if>
    </set>
    <if test="_parameter != null" >
      <include refid="Update_By_Example_Where_Clause" />
    </if>
  </update>
  <update id="updateByExample" parameterType="map" >
    update orders
    set o_id = #{record.oId,jdbcType=INTEGER},
      car_id = #{record.carId,jdbcType=INTEGER},
      user_id = #{record.userId,jdbcType=INTEGER},
      start_time = #{record.startTime,jdbcType=TIMESTAMP},
      end_time = #{record.endTime,jdbcType=TIMESTAMP},
      real_time = #{record.realTime,jdbcType=TIMESTAMP},
      count_price = #{record.countPrice,jdbcType=DECIMAL}
    <if test="_parameter != null" >
      <include refid="Update_By_Example_Where_Clause" />
    </if>
  </update>
  <update id="updateByPrimaryKeySelective" parameterType="com.demo.car.pojo.Orders" >
    update orders
    <set >
      <if test="carId != null" >
        car_id = #{carId,jdbcType=INTEGER},
      </if>
      <if test="userId != null" >
        user_id = #{userId,jdbcType=INTEGER},
      </if>
      <if test="startTime != null" >
        start_time = #{startTime,jdbcType=TIMESTAMP},
      </if>
      <if test="endTime != null" >
        end_time = #{endTime,jdbcType=TIMESTAMP},
      </if>
      <if test="realTime != null" >
        real_time = #{realTime,jdbcType=TIMESTAMP},
      </if>
      <if test="countPrice != null" >
        count_price = #{countPrice,jdbcType=DECIMAL},
      </if>
    </set>
    where o_id = #{oId,jdbcType=INTEGER}
  </update>
  <update id="updateByPrimaryKey" parameterType="com.demo.car.pojo.Orders" >
    update orders
    set car_id = #{carId,jdbcType=INTEGER},
      user_id = #{userId,jdbcType=INTEGER},
      start_time = #{startTime,jdbcType=TIMESTAMP},
      end_time = #{endTime,jdbcType=TIMESTAMP},
      real_time = #{realTime,jdbcType=TIMESTAMP},
      count_price = #{countPrice,jdbcType=DECIMAL}
    where o_id = #{oId,jdbcType=INTEGER}
  </update>








  <resultMap id="BaseMap" type="com.demo.car.pojo.Orders" >
    <id column="o_id" property="oId"  />
    <result column="start_time" property="startTime"  />
    <result column="end_time" property="endTime" />
    <result column="real_time" property="realTime" />
    <result column="count_price" property="countPrice"  />

    <!---->
    <association property="car" javaType="com.demo.car.pojo.Car">
      <id column="c_id" property="cId"></id>
<!--      <result column="c_id" property="cName"></result>-->
      <result column="c_name" property="cName"></result>
      <result column="c_price" property="cPrice"></result>
      <result column="c_color" property="cColor"></result>
      <result column="c_img" property="cImg"></result>
      <result column="c_plate" property="cPlate"></result>
      <result column="c_deposit" property="cDeposit"></result>
    </association>

<!--     property这个对象的属性名-->
    <association property="user" javaType="com.demo.car.pojo.Users">

      <id column="u_id" property="uId"></id>
      <result column="u_name" property="uName"></result>
    </association>

  </resultMap>







  <!--多条件分页查询-->
  <select id="selectConditionSplitPage" parameterType="com.demo.car.pojo.vo.FindVo" resultMap="BaseMap">

    select o_id, start_time, end_time, real_time, count_price, u_id, u_name, c_id, c_name, c_price,  c_color
    from orders o
    inner  join users u on o.user_id = u.u_id
    inner  join car c on o.car_id = c.c_id

    <!-- 拼条件-->
    <where>
      <if test="cName !='' and cName !=null">
        and c_name like '%${cName}%'
      </if>
      <if test="uName !='' and uName !=null">
        and u_name like '%${uName}%'
      </if>


<!--      <if test="lprice != null and hprice!=null">
        and p_price between #{lprice} and #{hprice}
      </if>-->

    </where>
  </select>
</mapper>