<?xml version="1.0" encoding="UTF-8" ?>
<!DOCTYPE mapper PUBLIC "-//mybatis.org//DTD Mapper 3.0//EN" "http://mybatis.org/dtd/mybatis-3-mapper.dtd" >
<mapper namespace="com.demo.car.mapper.UsersMapper" >
  <resultMap id="BaseResultMap" type="com.demo.car.pojo.Users" >
    <id column="u_id" property="uId" jdbcType="INTEGER" />
    <result column="u_name" property="uName" jdbcType="VARCHAR" />
    <result column="u_pass" property="uPass" jdbcType="VARCHAR" />
    <result column="u_age" property="uAge" jdbcType="INTEGER" />
    <result column="u_sex" property="uSex" jdbcType="VARCHAR" />
    <result column="card_id" property="cardId" jdbcType="VARCHAR" />
    <result column="u_phone" property="uPhone" jdbcType="VARCHAR" />
  </resultMap>
  <sql id="Example_Where_Clause" >
    <where >
      <foreach collection="oredCriteria" item="criteria" separator="or" >
        <if test="criteria.valid" >
          <trim prefix="(" suffix=")" prefixOverrides="and" >
            <foreach collection="criteria.criteria" item="criterion" >
              <choose >
                <when test="criterion.noValue" >
                  and ${criterion.condition}
                </when>
                <when test="criterion.singleValue" >
                  and ${criterion.condition} #{criterion.value}
                </when>
                <when test="criterion.betweenValue" >
                  and ${criterion.condition} #{criterion.value} and #{criterion.secondValue}
                </when>
                <when test="criterion.listValue" >
                  and ${criterion.condition}
                  <foreach collection="criterion.value" item="listItem" open="(" close=")" separator="," >
                    #{listItem}
                  </foreach>
                </when>
              </choose>
            </foreach>
          </trim>
        </if>
      </foreach>
    </where>
  </sql>
  <sql id="Update_By_Example_Where_Clause" >
    <where >
      <foreach collection="example.oredCriteria" item="criteria" separator="or" >
        <if test="criteria.valid" >
          <trim prefix="(" suffix=")" prefixOverrides="and" >
            <foreach collection="criteria.criteria" item="criterion" >
              <choose >
                <when test="criterion.noValue" >
                  and ${criterion.condition}
                </when>
                <when test="criterion.singleValue" >
                  and ${criterion.condition} #{criterion.value}
                </when>
                <when test="criterion.betweenValue" >
                  and ${criterion.condition} #{criterion.value} and #{criterion.secondValue}
                </when>
                <when test="criterion.listValue" >
                  and ${criterion.condition}
                  <foreach collection="criterion.value" item="listItem" open="(" close=")" separator="," >
                    #{listItem}
                  </foreach>
                </when>
              </choose>
            </foreach>
          </trim>
        </if>
      </foreach>
    </where>
  </sql>
  <sql id="Base_Column_List" >
    u_id, u_name, u_pass, u_age, u_sex, card_id, u_phone
  </sql>
  <select id="selectByExample" resultMap="BaseResultMap" parameterType="com.demo.car.pojo.UsersExample" >
    select
    <if test="distinct" >
      distinct
    </if>
    <include refid="Base_Column_List" />
    from users
    <if test="_parameter != null" >
      <include refid="Example_Where_Clause" />
    </if>
    <if test="orderByClause != null" >
      order by ${orderByClause}
    </if>
  </select>
  <select id="selectByPrimaryKey" resultMap="BaseResultMap" parameterType="java.lang.Integer" >
    select 
    <include refid="Base_Column_List" />
    from users
    where u_id = #{uId,jdbcType=INTEGER}
  </select>
  <delete id="deleteByPrimaryKey" parameterType="java.lang.Integer" >
    delete from users
    where u_id = #{uId,jdbcType=INTEGER}
  </delete>
  <delete id="deleteByExample" parameterType="com.demo.car.pojo.UsersExample" >
    delete from users
    <if test="_parameter != null" >
      <include refid="Example_Where_Clause" />
    </if>
  </delete>
  <insert id="insert" parameterType="com.demo.car.pojo.Users" >
    insert into users (u_id, u_name, u_pass, 
      u_age, u_sex, card_id, 
      u_phone)
    values (#{uId,jdbcType=INTEGER}, #{uName,jdbcType=VARCHAR}, #{uPass,jdbcType=VARCHAR}, 
      #{uAge,jdbcType=INTEGER}, #{uSex,jdbcType=VARCHAR}, #{cardId,jdbcType=VARCHAR}, 
      #{uPhone,jdbcType=VARCHAR})
  </insert>
  <insert id="insertSelective" parameterType="com.demo.car.pojo.Users" >
    insert into users
    <trim prefix="(" suffix=")" suffixOverrides="," >
      <if test="uId != null" >
        u_id,
      </if>
      <if test="uName != null" >
        u_name,
      </if>
      <if test="uPass != null" >
        u_pass,
      </if>
      <if test="uAge != null" >
        u_age,
      </if>
      <if test="uSex != null" >
        u_sex,
      </if>
      <if test="cardId != null" >
        card_id,
      </if>
      <if test="uPhone != null" >
        u_phone,
      </if>
    </trim>
    <trim prefix="values (" suffix=")" suffixOverrides="," >
      <if test="uId != null" >
        #{uId,jdbcType=INTEGER},
      </if>
      <if test="uName != null" >
        #{uName,jdbcType=VARCHAR},
      </if>
      <if test="uPass != null" >
        #{uPass,jdbcType=VARCHAR},
      </if>
      <if test="uAge != null" >
        #{uAge,jdbcType=INTEGER},
      </if>
      <if test="uSex != null" >
        #{uSex,jdbcType=VARCHAR},
      </if>
      <if test="cardId != null" >
        #{cardId,jdbcType=VARCHAR},
      </if>
      <if test="uPhone != null" >
        #{uPhone,jdbcType=VARCHAR},
      </if>
    </trim>
  </insert>
  <select id="countByExample" parameterType="com.demo.car.pojo.UsersExample" resultType="java.lang.Integer" >
    select count(*) from users
    <if test="_parameter != null" >
      <include refid="Example_Where_Clause" />
    </if>
  </select>
  <update id="updateByExampleSelective" parameterType="map" >
    update users
    <set >
      <if test="record.uId != null" >
        u_id = #{record.uId,jdbcType=INTEGER},
      </if>
      <if test="record.uName != null" >
        u_name = #{record.uName,jdbcType=VARCHAR},
      </if>
      <if test="record.uPass != null" >
        u_pass = #{record.uPass,jdbcType=VARCHAR},
      </if>
      <if test="record.uAge != null" >
        u_age = #{record.uAge,jdbcType=INTEGER},
      </if>
      <if test="record.uSex != null" >
        u_sex = #{record.uSex,jdbcType=VARCHAR},
      </if>
      <if test="record.cardId != null" >
        card_id = #{record.cardId,jdbcType=VARCHAR},
      </if>
      <if test="record.uPhone != null" >
        u_phone = #{record.uPhone,jdbcType=VARCHAR},
      </if>
    </set>
    <if test="_parameter != null" >
      <include refid="Update_By_Example_Where_Clause" />
    </if>
  </update>
  <update id="updateByExample" parameterType="map" >
    update users
    set u_id = #{record.uId,jdbcType=INTEGER},
      u_name = #{record.uName,jdbcType=VARCHAR},
      u_pass = #{record.uPass,jdbcType=VARCHAR},
      u_age = #{record.uAge,jdbcType=INTEGER},
      u_sex = #{record.uSex,jdbcType=VARCHAR},
      card_id = #{record.cardId,jdbcType=VARCHAR},
      u_phone = #{record.uPhone,jdbcType=VARCHAR}
    <if test="_parameter != null" >
      <include refid="Update_By_Example_Where_Clause" />
    </if>
  </update>
  <update id="updateByPrimaryKeySelective" parameterType="com.demo.car.pojo.Users" >
    update users
    <set >
      <if test="uName != null" >
        u_name = #{uName,jdbcType=VARCHAR},
      </if>
      <if test="uPass != null" >
        u_pass = #{uPass,jdbcType=VARCHAR},
      </if>
      <if test="uAge != null" >
        u_age = #{uAge,jdbcType=INTEGER},
      </if>
      <if test="uSex != null" >
        u_sex = #{uSex,jdbcType=VARCHAR},
      </if>
      <if test="cardId != null" >
        card_id = #{cardId,jdbcType=VARCHAR},
      </if>
      <if test="uPhone != null" >
        u_phone = #{uPhone,jdbcType=VARCHAR},
      </if>
    </set>
    where u_id = #{uId,jdbcType=INTEGER}
  </update>
  <update id="updateByPrimaryKey" parameterType="com.demo.car.pojo.Users" >
    update users
    set u_name = #{uName,jdbcType=VARCHAR},
      u_pass = #{uPass,jdbcType=VARCHAR},
      u_age = #{uAge,jdbcType=INTEGER},
      u_sex = #{uSex,jdbcType=VARCHAR},
      card_id = #{cardId,jdbcType=VARCHAR},
      u_phone = #{uPhone,jdbcType=VARCHAR}
    where u_id = #{uId,jdbcType=INTEGER}
  </update>
</mapper>